{
"lengthUnit": "mil",
"components": {
	"fields": ["COMPONENT_NO", "COMPONENT_NAME", "LAYER", "X_COORDINATE", "Y_COORDINATE", "ANGLE"],
	"rows": [
		[1, "A1/2", "T", 1721.5, -231.54, 0],
		[2, "A3/4", "T", 441.81, 216.54, 180],
		[3, "A5/6", "T", 442.6, -231.54, 0],
		[4, "A7", "T", 1081.26, 216.54, 180],
		[5, "D10/11", "T", 1082.05, -231.54, 0],
		[6, "D12/13", "T", 1720.71, 216.54, 180],
		[7, "H1", "T", 0, 39.37, 270],
		[8, "U2", "T", 2163.31, 0, 270]
	]
},
"pins": {
	"fields": ["PIN_NO", "PIN_NAME", "PIN_X", "PIN_Y", "LAYER", "PIN_TYPE", "NET_NAME", "NET_TYPE", "PAD_SHAPE", "PAD_SIZEX", "PAD_SIZEY", "HOLE_SIZE", "PAD_ANGLE"],
	"rows": [
		[1, "A1/2_1", 1571.5, -97.68, "T", "SMD", "GND", "GND", "R", 47.24, 137.79, 0, 0],
		[2, "A1/2_2", 1671.5, -97.68, "T", "SMD", "A2", "", "R", 47.24, 137.79, 0, 0],
		[3, "A1/2_3", 1770.71, -97.68, "T", "SMD", "A1", "", "R", 47.24, 137.79, 0, 0],
		[4, "A1/2_4", 1871.5, -97.68, "T", "SMD", "+5V", "", "R", 47.24, 137.79, 0, 0],
		[5, "A1/2_5", 1987.64, -365.4, "T", "SMD", "GND", "GND", "R", 59.05, 133.86, 0, 0],
		[6, "A1/2_6", 1455.36, -365.4, "T", "SMD", "GND", "GND", "R", 59.05, 133.86, 0, 0],
		[7, "A3/4_1", 591.81, 82.68, "T", "SMD", "GND", "GND", "R", 47.24, 137.79, 0, 180],
		[8, "A3/4_2", 491.81, 82.68, "T", "SMD", "A4", "", "R", 47.24, 137.79, 0, 180],
		[9, "A3/4_3", 392.6, 82.68, "T", "SMD", "A3", "", "R", 47.24, 137.79, 0, 180],
		[10, "A3/4_4", 291.81, 82.68, "T", "SMD", "+5V", "", "R", 47.24, 137.79, 0, 180],
		[11, "A3/4_5", 175.67, 350.4, "T", "SMD", "GND", "GND", "R", 59.05, 133.86, 0, 180],
		[12, "A3/4_6", 707.95, 350.4, "T", "SMD", "GND", "GND", "R", 59.05, 133.86, 0, 180],
		[13, "A5/6_1", 292.6, -97.68, "T", "SMD", "GND", "GND", "R", 47.24, 137.79, 0, 0],
		[14, "A5/6_2", 392.6, -97.68, "T", "SMD", "A6", "", "R", 47.24, 137.79, 0, 0],
		[15, "A5/6_3", 491.81, -97.68, "T", "SMD", "A5", "", "R", 47.24, 137.79, 0, 0],
		[16, "A5/6_4", 592.6, -97.68, "T", "SMD", "+5V", "", "R", 47.24, 137.79, 0, 0],
		[17, "A5/6_5", 708.74, -365.4, "T", "SMD", "GND", "GND", "R", 59.05, 133.86, 0, 0],
		[18, "A5/6_6", 176.46, -365.4, "T", "SMD", "GND", "GND", "R", 59.05, 133.86, 0, 0],
		[19, "A7_1", 1231.26, 82.68, "T", "SMD", "GND", "GND", "R", 47.24, 137.79, 0, 180],
		[20, "A7_2", 1131.26, 82.68, "T", "SMD", "A7", "", "R", 47.24, 137.79, 0, 180],
		[21, "A7_3", 1032.05, 82.68, "T", "SMD", "A7", "", "R", 47.24, 137.79, 0, 180],
		[22, "A7_4", 931.26, 82.68, "T", "SMD", "+5V", "", "R", 47.24, 137.79, 0, 180],
		[23, "A7_5", 815.12, 350.4, "T", "SMD", "GND", "GND", "R", 59.05, 133.86, 0, 180],
		[24, "A7_6", 1347.4, 350.4, "T", "SMD", "GND", "GND", "R", 59.05, 133.86, 0, 180],
		[25, "D10/11_1", 932.05, -97.68, "T", "SMD", "GND", "GND", "R", 47.24, 137.79, 0, 0],
		[26, "D10/11_2", 1032.05, -97.68, "T", "SMD", "D11", "", "R", 47.24, 137.79, 0, 0],
		[27, "D10/11_3", 1131.26, -97.68, "T", "SMD", "D10", "", "R", 47.24, 137.79, 0, 0],
		[28, "D10/11_4", 1232.05, -97.68, "T", "SMD", "+5V", "", "R", 47.24, 137.79, 0, 0],
		[29, "D10/11_5", 1348.19, -365.4, "T", "SMD", "GND", "GND", "R", 59.05, 133.86, 0, 0],
		[30, "D10/11_6", 815.91, -365.4, "T", "SMD", "GND", "GND", "R", 59.05, 133.86, 0, 0],
		[31, "D12/13_1", 1870.71, 82.68, "T", "SMD", "GND", "GND", "R", 47.24, 137.79, 0, 180],
		[32, "D12/13_2", 1770.71, 82.68, "T", "SMD", "D13", "", "R", 47.24, 137.79, 0, 180],
		[33, "D12/13_3", 1671.5, 82.68, "T", "SMD", "D12", "", "R", 47.24, 137.79, 0, 180],
		[34, "D12/13_4", 1570.71, 82.68, "T", "SMD", "+5V", "", "R", 47.24, 137.79, 0, 180],
		[35, "D12/13_5", 1454.57, 350.4, "T", "SMD", "GND", "GND", "R", 59.05, 133.86, 0, 180],
		[36, "D12/13_6", 1986.85, 350.4, "T", "SMD", "GND", "GND", "R", 59.05, 133.86, 0, 180],
		[37, "H1_1", -50, 139.37, "T", "DIP", "D11", "", "R", 66.93, 66.93, 43.31, 270],
		[38, "H1_1", -50, 139.37, "B", "DIP", "D11", "", "R", 66.93, 66.93, 43.31, 270],
		[39, "H1_2", 50, 139.37, "T", "DIP", "D13", "", "C", 66.93, 66.93, 43.31, 270],
		[40, "H1_2", 50, 139.37, "B", "DIP", "D13", "", "C", 66.93, 66.93, 43.31, 270],
		[41, "H1_3", -50, 39.37, "T", "DIP", "D10", "", "C", 66.93, 66.93, 43.31, 270],
		[42, "H1_3", -50, 39.37, "B", "DIP", "D10", "", "C", 66.93, 66.93, 43.31, 270],
		[43, "H1_4", 50, 39.37, "T", "DIP", "D12", "", "C", 66.93, 66.93, 43.31, 270],
		[44, "H1_4", 50, 39.37, "B", "DIP", "D12", "", "C", 66.93, 66.93, 43.31, 270],
		[45, "H1_5", -50, -60.63, "T", "DIP", "GND", "GND", "C", 66.93, 66.93, 43.31, 270],
		[46, "H1_5", -50, -60.63, "B", "DIP", "GND", "GND", "C", 66.93, 66.93, 43.31, 270],
		[47, "H1_6", 50, -60.63, "T", "DIP", "+5V", "", "C", 66.93, 66.93, 43.31, 270],
		[48, "H1_6", 50, -60.63, "B", "DIP", "+5V", "", "C", 66.93, 66.93, 43.31, 270],
		[49, "U2_1", 2113.31, 200, "T", "DIP", "A2", "", "R", 66.93, 66.93, 43.31, 270],
		[50, "U2_1", 2113.31, 200, "B", "DIP", "A2", "", "R", 66.93, 66.93, 43.31, 270],
		[51, "U2_2", 2213.31, 200, "T", "DIP", "A3", "", "C", 66.93, 66.93, 43.31, 270],
		[52, "U2_2", 2213.31, 200, "B", "DIP", "A3", "", "C", 66.93, 66.93, 43.31, 270],
		[53, "U2_3", 2113.31, 100, "T", "DIP", "A1", "", "C", 66.93, 66.93, 43.31, 270],
		[54, "U2_3", 2113.31, 100, "B", "DIP", "A1", "", "C", 66.93, 66.93, 43.31, 270],
		[55, "U2_4", 2213.31, 100, "T", "DIP", "A4", "", "C", 66.93, 66.93, 43.31, 270],
		[56, "U2_4", 2213.31, 100, "B", "DIP", "A4", "", "C", 66.93, 66.93, 43.31, 270],
		[57, "U2_5", 2113.31, 0, "T", "DIP", "A7", "", "C", 66.93, 66.93, 43.31, 270],
		[58, "U2_5", 2113.31, 0, "B", "DIP", "A7", "", "C", 66.93, 66.93, 43.31, 270],
		[59, "U2_6", 2213.31, 0, "T", "DIP", "A5", "", "C", 66.93, 66.93, 43.31, 270],
		[60, "U2_6", 2213.31, 0, "B", "DIP", "A5", "", "C", 66.93, 66.93, 43.31, 270],
		[61, "U2_7", 2113.31, -100, "T", "DIP", "GND", "GND", "C", 66.93, 66.93, 43.31, 270],
		[62, "U2_7", 2113.31, -100, "B", "DIP", "GND", "GND", "C", 66.93, 66.93, 43.31, 270],
		[63, "U2_8", 2213.31, -100, "T", "DIP", "A6", "", "C", 66.93, 66.93, 43.31, 270],
		[64, "U2_8", 2213.31, -100, "B", "DIP", "A6", "", "C", 66.93, 66.93, 43.31, 270],
		[65, "U2_9", 2113.31, -200, "T", "DIP", "GND", "GND", "C", 66.93, 66.93, 43.31, 270],
		[66, "U2_9", 2113.31, -200, "B", "DIP", "GND", "GND", "C", 66.93, 66.93, 43.31, 270],
		[67, "U2_10", 2213.31, -200, "T", "DIP", "+5V", "", "C", 66.93, 66.93, 43.31, 270],
		[68, "U2_10", 2213.31, -200, "B", "DIP", "+5V", "", "C", 66.93, 66.93, 43.31, 270]
	]
}
}