{
"lengthUnit": "mil",
"components": {
	"fields": ["COMPONENT_NO", "COMPONENT_NAME", "LAYER", "X_COORDINATE", "Y_COORDINATE", "ANGLE"],
	"rows": [
		[1, "C7", "T", 1355.12, -675.44, 180],
		[2, "C10", "T", 1580.33, -675.44, 0],
		[3, "C11", "T", 705, -675, 0],
		[4, "C12", "T", 1375, -1330, 0],
		[5, "C13", "T", 1105, -1160, 180],
		[6, "C14", "T", 1580, -1460, 180],
		[7, "C15", "T", 1610, -1695, 0],
		[8, "C16", "T", 1105, -875, 180],
		[9, "C17", "T", 1965, -1425, 270],
		[10, "CLOSE", "T", 1320, -1789.79, 180],
		[11, "D1", "T", 443.77, -1565, 0],
		[12, "D2", "T", 2225, -675.44, 180],
		[13, "D5/6", "T", 2511.5, -2153.66, 0],
		[14, "DC1", "T", 285, -670, 0],
		[15, "DHT22", "T", 1232.6, -2153.66, 0],
		[16, "DISP", "T", 3530, -1605, 90],
		[17, "EXT", "T", 1872.05, -2153.66, 0],
		[18, "FH1", "T", 1105, -295, 0],
		[19, "H1", "T", 2150, -945, 180],
		[20, "H3", "T", 2953.31, -1922.13, 270],
		[21, "K1", "T", 2085, -290, 0],
		[22, "LDO1", "T", 1570, -945, 180],
		[23, "MOT", "T", 3395, -875, 90],
		[24, "OPEN", "T", 1800, -1789.79, 180],
		[25, "Q10", "T", 1806.64, -667.52, 270],
		[26, "Q11", "T", 2910, -672.19, 0],
		[27, "Q12", "T", 2910, -1002.81, 0],
		[28, "Q13", "T", 2909.86, -340, 180],
		[29, "Q14", "T", 2909.86, -1335, 180],
		[30, "R3", "T", 415, -1030, 180],
		[31, "R11", "T", 415, -1195, 180],
		[32, "R12", "T", 1895, -1210, 0],
		[33, "R13", "T", 1215, -1060, 0],
		[34, "R14", "T", 1215, -960, 0],
		[35, "R15", "T", 1750, -1605, 270],
		[36, "R16", "T", 1805, -1605, 270],
		[37, "R17", "T", 1590, -1385, 180],
		[38, "R19", "T", 1440, -1790, 0],
		[39, "R20", "T", 1920, -1790, 0],
		[40, "R22", "T", 2015, -675, 180],
		[41, "RN1", "T", 425, -1720, 90],
		[42, "RN2", "T", 2550, -1015, 270],
		[43, "RX", "T", 1105, -1060, 0],
		[44, "SW1", "T", 1640, -1210, 0],
		[45, "SW3", "T", 100, -1600, 270],
		[46, "SW4", "T", 2585, -110, 0],
		[47, "TX", "T", 1105, -960, 0],
		[48, "U1", "T", 1795, -1425, 0],
		[49, "U2", "T", 785, -1020, 90],
		[50, "U4", "T", 1004.47, -675.44, 0],
		[51, "U7", "T", 787.41, -1480, 270],
		[52, "U8", "T", 1140, -1480, 270],
		[53, "U9", "T", 2375, -1785, 0],
		[54, "U11", "T", 2375, -1310, 0],
		[55, "U12", "T", 2375, -1547.5, 0],
		[56, "U13", "T", 425, -1400, 180],
		[57, "U16", "T", 790, -1882.76, 270],
		[58, "USB1", "T", 135, -1115, 270],
		[59, "X2", "T", 1575, -1570, 0],
		[60, "PAD1", "T", 3543.31, -196.85, 0],
		[61, "PAD1", "B", 3543.31, -196.85, 0],
		[62, "PAD2", "T", 3543.31, -2165.35, 0],
		[63, "PAD2", "B", 3543.31, -2165.35, 0],
		[64, "PAD3", "T", 196.85, -2165.35, 0],
		[65, "PAD3", "B", 196.85, -2165.35, 0],
		[66, "PAD4", "T", 196.85, -196.85, 0],
		[67, "PAD4", "B", 196.85, -196.85, 0]
	]
},
"pins": {
	"fields": ["PIN_NO", "PIN_NAME", "PIN_X", "PIN_Y", "LAYER", "PIN_TYPE", "NET_NAME", "NET_TYPE", "PAD_SHAPE", "PAD_SIZEX", "PAD_SIZEY", "HOLE_SIZE", "PAD_ANGLE"],
	"rows": [
		[1, "C7_1", 1434.65, -675.44, "T", "SMD", "12V", "", "R", 96.85, 38.58, 0, 180],
		[2, "C7_2", 1275.59, -675.44, "T", "SMD", "GND", "GND", "R", 96.85, 38.58, 0, 180],
		[3, "C10_1", 1569.53, -675.44, "T", "SMD", "12V", "", "R", 14.51, 12.76, 0, 0],
		[4, "C10_2", 1591.13, -675.44, "T", "SMD", "GND", "GND", "R", 14.51, 12.76, 0, 0],
		[5, "C11_1", 657.76, -675, "T", "SMD", "VUSB", "", "R", 59.05, 53.5, 0, 0],
		[6, "C11_2", 752.24, -675, "T", "SMD", "GND", "GND", "R", 59.05, 53.5, 0, 0],
		[7, "C12_1", 1353.54, -1330, "T", "SMD", "+5V", "", "R", 31.11, 21.26, 0, 0],
		[8, "C12_2", 1396.46, -1330, "T", "SMD", "GND", "GND", "R", 31.11, 21.26, 0, 0],
		[9, "C13_1", 1126.46, -1160, "T", "SMD", "RESET", "", "R", 31.11, 21.26, 0, 180],
		[10, "C13_2", 1083.54, -1160, "T", "SMD", "$1N16140", "", "R", 31.11, 21.26, 0, 180],
		[11, "C14_1", 1601.46, -1460, "T", "SMD", "$1N570", "", "R", 31.11, 21.26, 0, 180],
		[12, "C14_2", 1558.54, -1460, "T", "SMD", "GND", "GND", "R", 31.11, 21.26, 0, 180],
		[13, "C15_1", 1588.54, -1695, "T", "SMD", "GND", "GND", "R", 31.11, 21.26, 0, 0],
		[14, "C15_2", 1631.46, -1695, "T", "SMD", "$1N568", "", "R", 31.11, 21.26, 0, 0],
		[15, "C16_1", 1126.46, -875, "T", "SMD", "GND", "GND", "R", 31.11, 21.26, 0, 180],
		[16, "C16_2", 1083.54, -875, "T", "SMD", "3.3V", "", "R", 31.11, 21.26, 0, 180],
		[17, "C17_1", 1965, -1403.54, "T", "SMD", "GND", "GND", "R", 31.11, 21.26, 0, 270],
		[18, "C17_2", 1965, -1446.46, "T", "SMD", "$1N720", "", "R", 31.11, 21.26, 0, 270],
		[19, "CLOSE_1", 1351.48, -1789.78, "T", "SMD", "$1N21929", "", "R", 31.5, 31.5, 0, 270],
		[20, "CLOSE_2", 1288.52, -1789.79, "T", "SMD", "D8", "", "R", 31.5, 31.5, 0, 270],
		[21, "D1_1", 394.23, -1565, "T", "SMD", "+5V", "", "R", 105.1, 100, 0, 0],
		[22, "D1_2", 493.32, -1565, "T", "SMD", "$1N16771", "", "R", 30, 50, 0, 0],
		[23, "D2_1", 2274.54, -675.44, "T", "SMD", "12V", "", "R", 105.1, 100, 0, 180],
		[24, "D2_2", 2175.46, -675.44, "T", "SMD", "$1N33994", "", "R", 30, 50, 0, 180],
		[25, "D5/6_1", 2361.5, -2019.8, "T", "SMD", "GND", "GND", "R", 47.24, 137.79, 0, 0],
		[26, "D5/6_2", 2461.5, -2019.8, "T", "SMD", "D5", "", "R", 47.24, 137.79, 0, 0],
		[27, "D5/6_3", 2560.71, -2019.8, "T", "SMD", "D6", "", "R", 47.24, 137.79, 0, 0],
		[28, "D5/6_4", 2661.5, -2019.8, "T", "SMD", "+5V", "", "R", 47.24, 137.79, 0, 0],
		[29, "D5/6_5", 2777.64, -2287.52, "T", "SMD", "GND", "GND", "R", 59.05, 133.86, 0, 0],
		[30, "D5/6_6", 2245.36, -2287.52, "T", "SMD", "GND", "GND", "R", 59.05, 133.86, 0, 0],
		[31, "DC1_1", 412.96, -670, "T", "DIP", "$1N2871", "", "C", 86.61, 86.61, 55.12, 90],
		[32, "DC1_1", 412.96, -670, "B", "DIP", "$1N2871", "", "C", 86.61, 86.61, 55.12, 90],
		[33, "DC1_2", 176.74, -670, "T", "DIP", "GND", "GND", "O", 55.12, 149.61, 118.11, 180],
		[34, "DC1_2", 176.74, -670, "B", "DIP", "GND", "GND", "O", 55.12, 149.61, 118.11, 180],
		[35, "DC1_3", 157.04, -483, "T", "DIP", "GND", "GND", "O", 55.12, 110.24, 78.74, 270],
		[36, "DC1_3", 157.04, -483, "B", "DIP", "GND", "GND", "O", 55.12, 110.24, 78.74, 270],
		[37, "DC1_3", 342.09, -483, "T", "DIP", "GND", "GND", "O", 55.12, 110.24, 78.74, 270],
		[38, "DC1_3", 342.09, -483, "B", "DIP", "GND", "GND", "O", 55.12, 110.24, 78.74, 270],
		[39, "DC1_3", 157.04, -857.01, "T", "DIP", "GND", "GND", "O", 55.12, 110.24, 78.74, 270],
		[40, "DC1_3", 157.04, -857.01, "B", "DIP", "GND", "GND", "O", 55.12, 110.24, 78.74, 270],
		[41, "DC1_3", 342.09, -857.01, "T", "DIP", "GND", "GND", "O", 55.12, 110.24, 78.74, 270],
		[42, "DC1_3", 342.09, -857.01, "B", "DIP", "GND", "GND", "O", 55.12, 110.24, 78.74, 270],
		[43, "DHT22_1", 1082.6, -2019.8, "T", "SMD", "GND", "GND", "R", 47.24, 137.79, 0, 0],
		[44, "DHT22_2", 1182.6, -2019.8, "T", "SMD", "A0", "", "R", 47.24, 137.79, 0, 0],
		[45, "DHT22_3", 1281.81, -2019.8, "T", "SMD", "D2", "", "R", 47.24, 137.79, 0, 0],
		[46, "DHT22_4", 1382.6, -2019.8, "T", "SMD", "+5V", "", "R", 47.24, 137.79, 0, 0],
		[47, "DHT22_5", 1498.74, -2287.52, "T", "SMD", "GND", "GND", "R", 59.05, 133.86, 0, 0],
		[48, "DHT22_6", 966.46, -2287.52, "T", "SMD", "GND", "GND", "R", 59.05, 133.86, 0, 0],
		[49, "DISP_1", 3396.14, -1755, "T", "SMD", "GND", "GND", "R", 47.24, 137.79, 0, 90],
		[50, "DISP_2", 3396.14, -1655, "T", "SMD", "RXDISP", "", "R", 47.24, 137.79, 0, 90],
		[51, "DISP_3", 3396.14, -1555.79, "T", "SMD", "TXDISP", "", "R", 47.24, 137.79, 0, 90],
		[52, "DISP_4", 3396.14, -1455, "T", "SMD", "+5V", "", "R", 47.24, 137.79, 0, 90],
		[53, "DISP_5", 3663.86, -1338.86, "T", "SMD", "GND", "GND", "R", 59.05, 133.86, 0, 90],
		[54, "DISP_6", 3663.86, -1871.14, "T", "SMD", "GND", "GND", "R", 59.05, 133.86, 0, 90],
		[55, "EXT_1", 1722.05, -2019.8, "T", "SMD", "GND", "GND", "R", 47.24, 137.79, 0, 0],
		[56, "EXT_2", 1822.05, -2019.8, "T", "SMD", "D9", "", "R", 47.24, 137.79, 0, 0],
		[57, "EXT_3", 1921.26, -2019.8, "T", "SMD", "D3", "", "R", 47.24, 137.79, 0, 0],
		[58, "EXT_4", 2022.05, -2019.8, "T", "SMD", "+5V", "", "R", 47.24, 137.79, 0, 0],
		[59, "EXT_5", 2138.19, -2287.52, "T", "SMD", "GND", "GND", "R", 59.05, 133.86, 0, 0],
		[60, "EXT_6", 1605.91, -2287.52, "T", "SMD", "GND", "GND", "R", 59.05, 133.86, 0, 0],
		[61, "FH1_1", 660.12, -295, "T", "DIP", "$1N2871", "", "C", 118.11, 118.11, 78.74, 0],
		[62, "FH1_1", 660.12, -295, "B", "DIP", "$1N2871", "", "C", 118.11, 118.11, 78.74, 0],
		[63, "FH1_2", 1549.88, -295, "T", "DIP", "12V", "", "C", 118.11, 118.11, 78.74, 0],
		[64, "FH1_2", 1549.88, -295, "B", "DIP", "12V", "", "C", 118.11, 118.11, 78.74, 0],
		[65, "H1_1", 2250, -895, "T", "DIP", "D12", "", "R", 66.93, 66.93, 43.31, 180],
		[66, "H1_1", 2250, -895, "B", "DIP", "D12", "", "R", 66.93, 66.93, 43.31, 180],
		[67, "H1_2", 2250, -995, "T", "DIP", "+5V", "", "C", 66.93, 66.93, 43.31, 180],
		[68, "H1_2", 2250, -995, "B", "DIP", "+5V", "", "C", 66.93, 66.93, 43.31, 180],
		[69, "H1_3", 2150, -895, "T", "DIP", "D13", "", "C", 66.93, 66.93, 43.31, 180],
		[70, "H1_3", 2150, -895, "B", "DIP", "D13", "", "C", 66.93, 66.93, 43.31, 180],
		[71, "H1_4", 2150, -995, "T", "DIP", "D11", "", "C", 66.93, 66.93, 43.31, 180],
		[72, "H1_4", 2150, -995, "B", "DIP", "D11", "", "C", 66.93, 66.93, 43.31, 180],
		[73, "H1_5", 2050, -895, "T", "DIP", "RESET", "", "C", 66.93, 66.93, 43.31, 180],
		[74, "H1_5", 2050, -895, "B", "DIP", "RESET", "", "C", 66.93, 66.93, 43.31, 180],
		[75, "H1_6", 2050, -995, "T", "DIP", "GND", "GND", "C", 66.93, 66.93, 43.31, 180],
		[76, "H1_6", 2050, -995, "B", "DIP", "GND", "GND", "C", 66.93, 66.93, 43.31, 180],
		[77, "H3_1", 2903.31, -1722.13, "T", "DIP", "A2", "", "R", 62, 66.93, 43.31, 270],
		[78, "H3_1", 2903.31, -1722.13, "B", "DIP", "A2", "", "R", 62, 66.93, 43.31, 270],
		[79, "H3_2", 3003.31, -1722.13, "T", "DIP", "A3", "", "C", 66.93, 66.93, 43.31, 270],
		[80, "H3_2", 3003.31, -1722.13, "B", "DIP", "A3", "", "C", 66.93, 66.93, 43.31, 270],
		[81, "H3_3", 2903.31, -1822.13, "T", "DIP", "A1", "", "C", 66.93, 66.93, 43.31, 270],
		[82, "H3_3", 2903.31, -1822.13, "B", "DIP", "A1", "", "C", 66.93, 66.93, 43.31, 270],
		[83, "H3_4", 3003.31, -1822.13, "T", "DIP", "A4", "", "C", 66.93, 66.93, 43.31, 270],
		[84, "H3_4", 3003.31, -1822.13, "B", "DIP", "A4", "", "C", 66.93, 66.93, 43.31, 270],
		[85, "H3_5", 2903.31, -1922.13, "T", "DIP", "A7", "", "C", 66.93, 66.93, 43.31, 270],
		[86, "H3_5", 2903.31, -1922.13, "B", "DIP", "A7", "", "C", 66.93, 66.93, 43.31, 270],
		[87, "H3_6", 3003.31, -1922.13, "T", "DIP", "A5", "", "C", 66.93, 66.93, 43.31, 270],
		[88, "H3_6", 3003.31, -1922.13, "B", "DIP", "A5", "", "C", 66.93, 66.93, 43.31, 270],
		[89, "H3_7", 2903.31, -2022.13, "T", "DIP", "GND", "GND", "C", 66.93, 66.93, 43.31, 270],
		[90, "H3_7", 2903.31, -2022.13, "B", "DIP", "GND", "GND", "C", 66.93, 66.93, 43.31, 270],
		[91, "H3_8", 3003.31, -2022.13, "T", "DIP", "A6", "", "C", 66.93, 66.93, 43.31, 270],
		[92, "H3_8", 3003.31, -2022.13, "B", "DIP", "A6", "", "C", 66.93, 66.93, 43.31, 270],
		[93, "H3_9", 2903.31, -2122.13, "T", "DIP", "GND", "GND", "C", 66.93, 66.93, 43.31, 270],
		[94, "H3_9", 2903.31, -2122.13, "B", "DIP", "GND", "GND", "C", 66.93, 66.93, 43.31, 270],
		[95, "H3_10", 3003.31, -2122.13, "T", "DIP", "+5V", "", "C", 66.93, 66.93, 43.31, 270],
		[96, "H3_10", 3003.31, -2122.13, "B", "DIP", "+5V", "", "C", 66.93, 66.93, 43.31, 270],
		[97, "K1_1", 2335, -486.85, "T", "DIP", "$1N44542", "", "C", 98.42, 98.42, 62.99, 0],
		[98, "K1_1", 2335, -486.85, "B", "DIP", "$1N44542", "", "C", 98.42, 98.42, 62.99, 0],
		[99, "K1_3", 1933.4, -93.15, "T", "DIP", "12V", "", "C", 98.42, 98.42, 62.99, 0],
		[100, "K1_3", 1933.4, -93.15, "B", "DIP", "12V", "", "C", 98.42, 98.42, 62.99, 0],
		[101, "K1_4", 1933.4, -486.85, "T", "DIP", "$1N33994", "", "C", 98.42, 98.42, 62.99, 0],
		[102, "K1_4", 1933.4, -486.85, "B", "DIP", "$1N33994", "", "C", 98.42, 98.42, 62.99, 0],
		[103, "K1_5", 1835, -290.05, "T", "DIP", "12V", "", "C", 98.42, 98.42, 62.99, 0],
		[104, "K1_5", 1835, -290.05, "B", "DIP", "12V", "", "C", 98.42, 98.42, 62.99, 0],
		[105, "LDO1_1", 1433.7, -855, "T", "SMD", "12V", "", "R", 93.07, 41.89, 0, 0],
		[106, "LDO1_2", 1706.3, -945, "T", "SMD", "GND", "GND", "R", 236.37, 217.01, 0, 0],
		[107, "LDO1_3", 1433.7, -1035, "T", "SMD", "+5V", "", "R", 93.07, 41.89, 0, 0],
		[108, "MOT_1", 3395, -1175, "T", "DIP", "MOT+", "", "C", 98.42, 98.42, 62.99, 90],
		[109, "MOT_1", 3395, -1175, "B", "DIP", "MOT+", "", "C", 98.42, 98.42, 62.99, 90],
		[110, "MOT_2", 3395, -975, "T", "DIP", "MOT-", "", "C", 98.43, 98.43, 62.99, 90],
		[111, "MOT_2", 3395, -975, "B", "DIP", "MOT-", "", "C", 98.43, 98.43, 62.99, 90],
		[112, "MOT_3", 3395, -775, "T", "DIP", "MOT+", "", "C", 98.42, 98.42, 62.99, 90],
		[113, "MOT_3", 3395, -775, "B", "DIP", "MOT+", "", "C", 98.42, 98.42, 62.99, 90],
		[114, "MOT_4", 3395, -575, "T", "DIP", "MOT-", "", "C", 98.42, 98.42, 62.99, 90],
		[115, "MOT_4", 3395, -575, "B", "DIP", "MOT-", "", "C", 98.42, 98.42, 62.99, 90],
		[116, "OPEN_1", 1831.48, -1789.78, "T", "SMD", "$1N20118", "", "R", 31.5, 31.5, 0, 270],
		[117, "OPEN_2", 1768.52, -1789.79, "T", "SMD", "D7", "", "R", 31.5, 31.5, 0, 270],
		[118, "Q10_1", 1769.24, -712.79, "T", "SMD", "$1N50858", "", "R", 39.37, 31.5, 0, 90],
		[119, "Q10_2", 1844.04, -712.79, "T", "SMD", "GND", "GND", "R", 39.37, 31.5, 0, 90],
		[120, "Q10_3", 1806.64, -622.24, "T", "SMD", "$1N33994", "", "R", 39.37, 31.5, 0, 90],
		[121, "Q11_1", 3044.81, -762.35, "T", "SMD", "COMROT-", "", "R", 118.11, 62.99, 0, 0],
		[122, "Q11_2", 2775.19, -672.19, "T", "SMD", "$1N44542", "", "R", 244.09, 228.35, 0, 0],
		[123, "Q11_3", 3044.81, -582.03, "T", "SMD", "MOT-", "", "R", 118.11, 62.99, 0, 0],
		[124, "Q12_1", 3044.81, -1092.97, "T", "SMD", "COMROT+", "", "R", 118.11, 62.99, 0, 0],
		[125, "Q12_2", 2775.19, -1002.81, "T", "SMD", "$1N44542", "", "R", 244.09, 228.35, 0, 0],
		[126, "Q12_3", 3044.81, -912.65, "T", "SMD", "MOT+", "", "R", 118.11, 62.99, 0, 0],
		[127, "Q13_1", 2769.85, -250.24, "T", "SMD", "COMROT-", "", "R", 100, 51.18, 0, 180],
		[128, "Q13_2", 3049.86, -340, "T", "SMD", "MOT-", "", "R", 244.09, 228.35, 0, 180],
		[129, "Q13_3", 2769.85, -429.76, "T", "SMD", "GND", "GND", "R", 100, 51.18, 0, 180],
		[130, "Q14_1", 2769.85, -1245.24, "T", "SMD", "COMROT+", "", "R", 100, 51.18, 0, 180],
		[131, "Q14_2", 3049.86, -1335, "T", "SMD", "MOT+", "", "R", 244.09, 228.35, 0, 180],
		[132, "Q14_3", 2769.85, -1424.76, "T", "SMD", "GND", "GND", "R", 100, 51.18, 0, 180],
		[133, "R3_1", 432.04, -1030, "T", "SMD", "GND", "GND", "R", 22.27, 21.26, 0, 180],
		[134, "R3_2", 397.96, -1030, "T", "SMD", "$1N15588", "", "R", 22.27, 21.26, 0, 180],
		[135, "R11_1", 432.04, -1195, "T", "SMD", "GND", "GND", "R", 22.27, 21.26, 0, 180],
		[136, "R11_2", 397.96, -1195, "T", "SMD", "$1N15629", "", "R", 22.27, 21.26, 0, 180],
		[137, "R12_1", 1877.96, -1210, "T", "SMD", "RESET", "", "R", 22.27, 21.26, 0, 0],
		[138, "R12_2", 1912.04, -1210, "T", "SMD", "+5V", "", "R", 22.27, 21.26, 0, 0],
		[139, "R13_1", 1197.96, -1060, "T", "SMD", "$1N17033", "", "R", 22.27, 21.26, 0, 0],
		[140, "R13_2", 1232.04, -1060, "T", "SMD", "+5V", "", "R", 22.27, 21.26, 0, 0],
		[141, "R14_1", 1197.96, -960, "T", "SMD", "$1N16988", "", "R", 22.27, 21.26, 0, 0],
		[142, "R14_2", 1232.04, -960, "T", "SMD", "+5V", "", "R", 22.27, 21.26, 0, 0],
		[143, "R15_1", 1750, -1587.96, "T", "SMD", "D7", "", "R", 22.27, 21.26, 0, 270],
		[144, "R15_2", 1750, -1622.04, "T", "SMD", "$1N11515", "", "R", 22.27, 21.26, 0, 270],
		[145, "R16_1", 1805, -1587.96, "T", "SMD", "D8", "", "R", 22.27, 21.26, 0, 270],
		[146, "R16_2", 1805, -1622.04, "T", "SMD", "$1N11521", "", "R", 22.27, 21.26, 0, 270],
		[147, "R17_1", 1607.04, -1385, "T", "SMD", "D4", "", "R", 22.27, 21.26, 0, 180],
		[148, "R17_2", 1572.96, -1385, "T", "SMD", "$1N11545", "", "R", 22.27, 21.26, 0, 180],
		[149, "R19_1", 1422.96, -1790, "T", "SMD", "$1N21929", "", "R", 22.27, 21.26, 0, 0],
		[150, "R19_2", 1457.04, -1790, "T", "SMD", "GND", "GND", "R", 22.27, 21.26, 0, 0],
		[151, "R20_1", 1902.96, -1790, "T", "SMD", "$1N20118", "", "R", 22.27, 21.26, 0, 0],
		[152, "R20_2", 1937.04, -1790, "T", "SMD", "GND", "GND", "R", 22.27, 21.26, 0, 0],
		[153, "R22_1", 2032.04, -675, "T", "SMD", "COMENMOT", "", "R", 22.27, 21.26, 0, 180],
		[154, "R22_2", 1997.96, -675, "T", "SMD", "$1N50858", "", "R", 22.27, 21.26, 0, 180],
		[155, "RN1_1", 408.17, -1749.53, "T", "SMD", "ENPARD", "", "R", 11.81, 19.88, 0, 270],
		[156, "RN1_2", 408.17, -1729.84, "T", "SMD", "ENPDISP", "", "R", 11.81, 19.88, 0, 270],
		[157, "RN1_3", 408.17, -1710.16, "T", "SMD", "RN1_3", "", "R", 11.81, 19.88, 0, 270],
		[158, "RN1_4", 408.17, -1690.47, "T", "SMD", "ENC", "", "R", 11.81, 19.88, 0, 270],
		[159, "RN1_5", 441.83, -1690.47, "T", "SMD", "GND", "GND", "R", 11.81, 19.88, 0, 270],
		[160, "RN1_6", 441.83, -1710.16, "T", "SMD", "GND", "GND", "R", 11.81, 19.88, 0, 270],
		[161, "RN1_7", 441.83, -1729.84, "T", "SMD", "GND", "GND", "R", 11.81, 19.88, 0, 270],
		[162, "RN1_8", 441.83, -1749.53, "T", "SMD", "GND", "GND", "R", 11.81, 19.88, 0, 270],
		[163, "RN2_1", 2566.83, -985.47, "T", "SMD", "COMROT-", "", "R", 11.81, 19.88, 0, 90],
		[164, "RN2_2", 2566.83, -1005.16, "T", "SMD", "RN2_2", "", "R", 11.81, 19.88, 0, 90],
		[165, "RN2_3", 2566.83, -1024.84, "T", "SMD", "COMROT+", "", "R", 11.81, 19.88, 0, 90],
		[166, "RN2_4", 2566.83, -1044.53, "T", "SMD", "COMENMOT", "", "R", 11.81, 19.88, 0, 90],
		[167, "RN2_5", 2533.17, -1044.53, "T", "SMD", "GND", "GND", "R", 11.81, 19.88, 0, 90],
		[168, "RN2_6", 2533.17, -1024.84, "T", "SMD", "GND", "GND", "R", 11.81, 19.88, 0, 90],
		[169, "RN2_7", 2533.17, -1005.16, "T", "SMD", "GND", "GND", "R", 11.81, 19.88, 0, 90],
		[170, "RN2_8", 2533.17, -985.47, "T", "SMD", "GND", "GND", "R", 11.81, 19.88, 0, 90],
		[171, "RX_1", 1073.53, -1060.01, "T", "SMD", "$1N1659", "", "R", 31.5, 31.5, 0, 90],
		[172, "RX_2", 1136.47, -1059.99, "T", "SMD", "$1N17033", "", "R", 31.5, 31.5, 0, 90],
		[173, "SW1_1", 1495.51, -1210, "T", "SMD", "GND", "GND", "R", 68.5, 55.12, 0, 0],
		[174, "SW1_2", 1784.49, -1210, "T", "SMD", "RESET", "", "R", 68.5, 55.12, 0, 0],
		[175, "SW3_1", 33.07, -1442.52, "T", "DIP", "ENC", "", "C", 60, 60, 36, 270],
		[176, "SW3_1", 33.07, -1442.52, "B", "DIP", "ENC", "", "C", 60, 60, 36, 270],
		[177, "SW3_2", 33.07, -1521.26, "T", "DIP", "+5V", "", "C", 60, 60, 36, 270],
		[178, "SW3_2", 33.07, -1521.26, "B", "DIP", "+5V", "", "C", 60, 60, 36, 270],
		[179, "SW3_3", 33.07, -1678.74, "T", "DIP", "ENPDISP", "", "C", 60, 60, 36, 270],
		[180, "SW3_3", 33.07, -1678.74, "B", "DIP", "ENPDISP", "", "C", 60, 60, 36, 270],
		[181, "SW3_4", 33.07, -1757.48, "T", "DIP", "ENPARD", "", "C", 60, 60, 36, 270],
		[182, "SW3_4", 33.07, -1757.48, "B", "DIP", "ENPARD", "", "C", 60, 60, 36, 270],
		[183, "SW3_5", 166.93, -1757.48, "T", "DIP", "ENPARD", "", "C", 60, 60, 36, 270],
		[184, "SW3_5", 166.93, -1757.48, "B", "DIP", "ENPARD", "", "C", 60, 60, 36, 270],
		[185, "SW3_6", 166.93, -1678.74, "T", "DIP", "ENPDISP", "", "C", 60, 60, 36, 270],
		[186, "SW3_6", 166.93, -1678.74, "B", "DIP", "ENPDISP", "", "C", 60, 60, 36, 270],
		[187, "SW3_7", 166.93, -1521.26, "T", "DIP", "+5V", "", "C", 60, 60, 36, 270],
		[188, "SW3_7", 166.93, -1521.26, "B", "DIP", "+5V", "", "C", 60, 60, 36, 270],
		[189, "SW3_8", 166.93, -1442.52, "T", "DIP", "ENC", "", "C", 60, 60, 36, 270],
		[190, "SW3_8", 166.93, -1442.52, "B", "DIP", "ENC", "", "C", 60, 60, 36, 270],
		[191, "SW4_1", 2496.42, -110, "T", "DIP", "RESET", "", "C", 70.87, 70.87, 39.37, 0],
		[192, "SW4_1", 2496.42, -110, "B", "DIP", "RESET", "", "C", 70.87, 70.87, 39.37, 0],
		[193, "SW4_2", 2673.58, -110, "T", "DIP", "GND", "GND", "C", 70.87, 70.87, 39.37, 0],
		[194, "SW4_2", 2673.58, -110, "B", "DIP", "GND", "GND", "C", 70.87, 70.87, 39.37, 0],
		[195, "TX_1", 1073.53, -960, "T", "SMD", "$1N1748", "", "R", 31.5, 31.5, 0, 90],
		[196, "TX_2", 1136.47, -960, "T", "SMD", "$1N16988", "", "R", 31.5, 31.5, 0, 90],
		[197, "U1_1", 1700.22, -1356.1, "T", "SMD", "D3", "", "R", 26.18, 11.02, 0, 0],
		[198, "U1_2", 1700.22, -1375.79, "T", "SMD", "D4", "", "R", 26.18, 11.02, 0, 0],
		[199, "U1_3", 1700.22, -1395.47, "T", "SMD", "GND", "GND", "R", 26.18, 11.02, 0, 0],
		[200, "U1_4", 1700.22, -1415.16, "T", "SMD", "+5V", "", "R", 26.18, 11.02, 0, 0],
		[201, "U1_5", 1700.22, -1434.84, "T", "SMD", "GND", "GND", "R", 26.18, 11.02, 0, 0],
		[202, "U1_6", 1700.22, -1454.53, "T", "SMD", "+5V", "", "R", 26.18, 11.02, 0, 0],
		[203, "U1_7", 1700.22, -1474.21, "T", "SMD", "$1N568", "", "R", 26.18, 11.02, 0, 0],
		[204, "U1_8", 1700.22, -1493.9, "T", "SMD", "$1N570", "", "R", 26.18, 11.02, 0, 0],
		[205, "U1_9", 1726.1, -1519.78, "T", "SMD", "D5", "", "R", 11.02, 26.18, 0, 0],
		[206, "U1_10", 1745.79, -1519.78, "T", "SMD", "D6", "", "R", 11.02, 26.18, 0, 0],
		[207, "U1_11", 1765.47, -1519.78, "T", "SMD", "D7", "", "R", 11.02, 26.18, 0, 0],
		[208, "U1_12", 1785.16, -1519.78, "T", "SMD", "D8", "", "R", 11.02, 26.18, 0, 0],
		[209, "U1_13", 1804.84, -1519.78, "T", "SMD", "D9", "", "R", 11.02, 26.18, 0, 0],
		[210, "U1_14", 1824.53, -1519.78, "T", "SMD", "D10", "", "R", 11.02, 26.18, 0, 0],
		[211, "U1_15", 1844.21, -1519.78, "T", "SMD", "D11", "", "R", 11.02, 26.18, 0, 0],
		[212, "U1_16", 1863.9, -1519.78, "T", "SMD", "D12", "", "R", 11.02, 26.18, 0, 0],
		[213, "U1_17", 1889.78, -1493.9, "T", "SMD", "D13", "", "R", 26.18, 11.02, 0, 0],
		[214, "U1_18", 1889.78, -1474.21, "T", "SMD", "+5V", "", "R", 26.18, 11.02, 0, 0],
		[215, "U1_19", 1889.78, -1454.53, "T", "SMD", "A6", "", "R", 26.18, 11.02, 0, 0],
		[216, "U1_20", 1889.78, -1434.84, "T", "SMD", "$1N720", "", "R", 26.18, 11.02, 0, 0],
		[217, "U1_21", 1889.78, -1415.16, "T", "SMD", "GND", "GND", "R", 26.18, 11.02, 0, 0],
		[218, "U1_22", 1889.78, -1395.47, "T", "SMD", "A7", "", "R", 26.18, 11.02, 0, 0],
		[219, "U1_23", 1889.78, -1375.79, "T", "SMD", "A0", "", "R", 26.18, 11.02, 0, 0],
		[220, "U1_24", 1889.78, -1356.1, "T", "SMD", "A1", "", "R", 26.18, 11.02, 0, 0],
		[221, "U1_25", 1863.9, -1330.22, "T", "SMD", "A2", "", "R", 11.02, 26.18, 0, 0],
		[222, "U1_26", 1844.21, -1330.22, "T", "SMD", "A3", "", "R", 11.02, 26.18, 0, 0],
		[223, "U1_27", 1824.53, -1330.22, "T", "SMD", "A4", "", "R", 11.02, 26.18, 0, 0],
		[224, "U1_28", 1804.84, -1330.22, "T", "SMD", "A5", "", "R", 11.02, 26.18, 0, 0],
		[225, "U1_29", 1785.16, -1330.22, "T", "SMD", "RESET", "", "R", 11.02, 26.18, 0, 0],
		[226, "U1_30", 1765.47, -1330.22, "T", "SMD", "RXAT", "", "R", 11.02, 26.18, 0, 0],
		[227, "U1_31", 1745.79, -1330.22, "T", "SMD", "TXAT", "", "R", 11.02, 26.18, 0, 0],
		[228, "U1_32", 1726.1, -1330.22, "T", "SMD", "D2", "", "R", 11.02, 26.18, 0, 0],
		[229, "U1_33", 1795, -1425, "T", "SMD", "GND", "GND", "R", 122.05, 122.05, 0, 0],
		[230, "U2_1", 921.03, -1186.34, "T", "SMD", "TXFT", "", "O", 14.33, 79.35, 0, 90],
		[231, "U2_2", 921.03, -1160.75, "T", "SMD", "$1N16140", "", "O", 14.33, 79.35, 0, 90],
		[232, "U2_3", 921.03, -1135.16, "T", "SMD", "U2_3", "", "O", 14.33, 79.35, 0, 90],
		[233, "U2_4", 921.03, -1109.57, "T", "SMD", "+5V", "", "O", 14.33, 79.35, 0, 90],
		[234, "U2_5", 921.03, -1083.98, "T", "SMD", "RXFT", "", "O", 14.33, 79.35, 0, 90],
		[235, "U2_6", 921.03, -1058.39, "T", "SMD", "U2_6", "", "O", 14.33, 79.35, 0, 90],
		[236, "U2_7", 921.03, -1032.79, "T", "SMD", "GND", "GND", "O", 14.33, 79.35, 0, 90],
		[237, "U2_8", 921.03, -1007.2, "T", "SMD", "U2_8", "", "O", 14.33, 79.35, 0, 90],
		[238, "U2_9", 921.03, -981.61, "T", "SMD", "U2_9", "", "O", 14.33, 79.35, 0, 90],
		[239, "U2_10", 921.03, -956.02, "T", "SMD", "U2_10", "", "O", 14.33, 79.35, 0, 90],
		[240, "U2_11", 921.03, -930.43, "T", "SMD", "U2_11", "", "O", 14.33, 79.35, 0, 90],
		[241, "U2_12", 921.03, -904.84, "T", "SMD", "U2_12", "", "O", 14.33, 79.35, 0, 90],
		[242, "U2_13", 921.03, -879.25, "T", "SMD", "U2_13", "", "O", 14.33, 79.35, 0, 90],
		[243, "U2_14", 921.03, -853.66, "T", "SMD", "U2_14", "", "O", 14.33, 79.35, 0, 90],
		[244, "U2_15", 648.97, -853.66, "T", "SMD", "USB+", "", "O", 14.33, 79.35, 0, 90],
		[245, "U2_16", 648.97, -879.25, "T", "SMD", "USB-", "", "O", 14.33, 79.35, 0, 90],
		[246, "U2_17", 648.97, -904.84, "T", "SMD", "3.3V", "", "O", 14.33, 79.35, 0, 90],
		[247, "U2_18", 648.97, -930.43, "T", "SMD", "GND", "GND", "O", 14.33, 79.35, 0, 90],
		[248, "U2_19", 648.97, -956.02, "T", "SMD", "U2_19", "", "O", 14.33, 79.35, 0, 90],
		[249, "U2_20", 648.97, -981.61, "T", "SMD", "+5V", "", "O", 14.33, 79.35, 0, 90],
		[250, "U2_21", 648.97, -1007.2, "T", "SMD", "GND", "GND", "O", 14.33, 79.35, 0, 90],
		[251, "U2_22", 648.97, -1032.79, "T", "SMD", "$1N1748", "", "O", 14.33, 79.35, 0, 90],
		[252, "U2_23", 648.97, -1058.39, "T", "SMD", "$1N1659", "", "O", 14.33, 79.35, 0, 90],
		[253, "U2_24", 648.97, -1083.98, "T", "SMD", "U2_24", "", "O", 14.33, 79.35, 0, 90],
		[254, "U2_25", 648.97, -1109.57, "T", "SMD", "GND", "GND", "O", 14.33, 79.35, 0, 90],
		[255, "U2_26", 648.97, -1135.16, "T", "SMD", "GND", "GND", "O", 14.33, 79.35, 0, 90],
		[256, "U2_27", 648.97, -1160.75, "T", "SMD", "U2_27", "", "O", 14.33, 79.35, 0, 90],
		[257, "U2_28", 648.97, -1186.34, "T", "SMD", "U2_28", "", "O", 14.33, 79.35, 0, 90],
		[258, "U4_1", 939.09, -675.44, "T", "SMD", "+5V", "", "R", 110.24, 43.31, 0, 0],
		[259, "U4_2", 1069.84, -675.44, "T", "SMD", "GND", "GND", "R", 110.24, 43.31, 0, 0],
		[260, "U7_1", 678.39, -1330, "T", "SMD", "RXAT", "", "O", 22.6, 80.24, 0, 270],
		[261, "U7_2", 678.39, -1380, "T", "SMD", "TXDISP", "", "O", 22.6, 80.24, 0, 270],
		[262, "U7_3", 678.39, -1430, "T", "SMD", "RXDISP", "", "O", 22.6, 80.24, 0, 270],
		[263, "U7_4", 678.39, -1480, "T", "SMD", "TXAT", "", "O", 22.6, 80.24, 0, 270],
		[264, "U7_5", 678.39, -1530, "T", "SMD", "ENC", "", "O", 22.6, 80.24, 0, 270],
		[265, "U7_6", 678.39, -1580, "T", "SMD", "U7_6", "", "O", 22.6, 80.24, 0, 270],
		[266, "U7_7", 678.39, -1630, "T", "SMD", "GND", "GND", "O", 22.6, 80.24, 0, 270],
		[267, "U7_8", 896.43, -1630, "T", "SMD", "U7_8", "", "O", 22.6, 80.24, 0, 270],
		[268, "U7_9", 896.43, -1580, "T", "SMD", "U7_9", "", "O", 22.6, 80.24, 0, 270],
		[269, "U7_10", 896.43, -1530, "T", "SMD", "U7_10", "", "O", 22.6, 80.24, 0, 270],
		[270, "U7_11", 896.43, -1480, "T", "SMD", "U7_11", "", "O", 22.6, 80.24, 0, 270],
		[271, "U7_12", 896.43, -1430, "T", "SMD", "U7_12", "", "O", 22.6, 80.24, 0, 270],
		[272, "U7_13", 896.43, -1380, "T", "SMD", "ENC", "", "O", 22.6, 80.24, 0, 270],
		[273, "U7_14", 896.43, -1330, "T", "SMD", "+5V", "", "O", 22.6, 80.24, 0, 270],
		[274, "U8_1", 1030.98, -1330, "T", "SMD", "RXFT", "", "O", 22.6, 80.24, 0, 270],
		[275, "U8_2", 1030.98, -1380, "T", "SMD", "TXAT", "", "O", 22.6, 80.24, 0, 270],
		[276, "U8_3", 1030.98, -1430, "T", "SMD", "RXAT", "", "O", 22.6, 80.24, 0, 270],
		[277, "U8_4", 1030.98, -1480, "T", "SMD", "TXFT", "", "O", 22.6, 80.24, 0, 270],
		[278, "U8_5", 1030.98, -1530, "T", "SMD", "ENPARD", "", "O", 22.6, 80.24, 0, 270],
		[279, "U8_6", 1030.98, -1580, "T", "SMD", "ENPDISP", "", "O", 22.6, 80.24, 0, 270],
		[280, "U8_7", 1030.98, -1630, "T", "SMD", "GND", "GND", "O", 22.6, 80.24, 0, 270],
		[281, "U8_8", 1249.02, -1630, "T", "SMD", "RXFT", "", "O", 22.6, 80.24, 0, 270],
		[282, "U8_9", 1249.02, -1580, "T", "SMD", "TXDISP", "", "O", 22.6, 80.24, 0, 270],
		[283, "U8_10", 1249.02, -1530, "T", "SMD", "RXDISP", "", "O", 22.6, 80.24, 0, 270],
		[284, "U8_11", 1249.02, -1480, "T", "SMD", "TXFT", "", "O", 22.6, 80.24, 0, 270],
		[285, "U8_12", 1249.02, -1430, "T", "SMD", "ENPDISP", "", "O", 22.6, 80.24, 0, 270],
		[286, "U8_13", 1249.02, -1380, "T", "SMD", "ENPARD", "", "O", 22.6, 80.24, 0, 270],
		[287, "U8_14", 1249.02, -1330, "T", "SMD", "+5V", "", "O", 22.6, 80.24, 0, 270],
		[288, "U9_1", 2195.86, -1735, "T", "SMD", "$1N11515", "", "R", 78.74, 59.05, 0, 0],
		[289, "U9_2", 2195.86, -1835, "T", "SMD", "GND", "GND", "R", 78.74, 59.05, 0, 0],
		[290, "U9_3", 2554.14, -1835, "T", "SMD", "COMROT+", "", "R", 78.74, 59.05, 0, 0],
		[291, "U9_4", 2554.14, -1735, "T", "SMD", "12V", "", "R", 78.74, 59.05, 0, 0],
		[292, "U11_1", 2195.86, -1260, "T", "SMD", "$1N11545", "", "R", 78.74, 59.05, 0, 0],
		[293, "U11_2", 2195.86, -1360, "T", "SMD", "GND", "GND", "R", 78.74, 59.05, 0, 0],
		[294, "U11_3", 2554.14, -1360, "T", "SMD", "COMENMOT", "", "R", 78.74, 59.05, 0, 0],
		[295, "U11_4", 2554.14, -1260, "T", "SMD", "12V", "", "R", 78.74, 59.05, 0, 0],
		[296, "U12_1", 2195.86, -1497.5, "T", "SMD", "$1N11521", "", "R", 78.74, 59.05, 0, 0],
		[297, "U12_2", 2195.86, -1597.5, "T", "SMD", "GND", "GND", "R", 78.74, 59.05, 0, 0],
		[298, "U12_3", 2554.14, -1597.5, "T", "SMD", "COMROT-", "", "R", 78.74, 59.05, 0, 0],
		[299, "U12_4", 2554.14, -1497.5, "T", "SMD", "12V", "", "R", 78.74, 59.05, 0, 0],
		[300, "U13_1", 481.74, -1400, "T", "SMD", "$1N16771", "", "R", 50.49, 110.55, 0, 180],
		[301, "U13_2", 368.26, -1400, "T", "SMD", "VUSB", "", "R", 50.49, 110.55, 0, 180],
		[302, "U16_1", 740, -1782.76, "T", "DIP", "D11", "", "R", 66.93, 62.99, 39.37, 270],
		[303, "U16_1", 740, -1782.76, "B", "DIP", "D11", "", "R", 66.93, 62.99, 39.37, 270],
		[304, "U16_2", 840, -1782.76, "T", "DIP", "D13", "", "C", 62.99, 62.99, 39.37, 270],
		[305, "U16_2", 840, -1782.76, "B", "DIP", "D13", "", "C", 62.99, 62.99, 39.37, 270],
		[306, "U16_3", 740, -1882.76, "T", "DIP", "D10", "", "C", 62.99, 62.99, 39.37, 270],
		[307, "U16_3", 740, -1882.76, "B", "DIP", "D10", "", "C", 62.99, 62.99, 39.37, 270],
		[308, "U16_4", 840, -1882.76, "T", "DIP", "D12", "", "C", 62.99, 62.99, 39.37, 270],
		[309, "U16_4", 840, -1882.76, "B", "DIP", "D12", "", "C", 62.99, 62.99, 39.37, 270],
		[310, "U16_5", 740, -1982.76, "T", "DIP", "GND", "GND", "C", 62.99, 62.99, 39.37, 270],
		[311, "U16_5", 740, -1982.76, "B", "DIP", "GND", "GND", "C", 62.99, 62.99, 39.37, 270],
		[312, "U16_6", 840, -1982.76, "T", "DIP", "+5V", "", "C", 62.99, 62.99, 39.37, 270],
		[313, "U16_6", 840, -1982.76, "B", "DIP", "+5V", "", "C", 62.99, 62.99, 39.37, 270],
		[314, "USB1_1", 228.5, -989.01, "T", "SMD", "GND", "GND", "R", 21.65, 43.31, 0, 270],
		[315, "USB1_2", 228.5, -1020.52, "T", "SMD", "VUSB", "", "R", 21.65, 43.31, 0, 270],
		[316, "USB1_3", 228.5, -1046.11, "T", "SMD", "USB1_3", "", "R", 11.81, 43.31, 0, 270],
		[317, "USB1_4", 228.5, -1065.8, "T", "SMD", "$1N15588", "", "R", 11.81, 43.31, 0, 270],
		[318, "USB1_5", 228.5, -1085.47, "T", "SMD", "USB-", "", "R", 11.81, 43.31, 0, 270],
		[319, "USB1_6", 228.5, -1105.15, "T", "SMD", "USB+", "", "R", 11.81, 43.31, 0, 270],
		[320, "USB1_7", 228.5, -1124.85, "T", "SMD", "USB-", "", "R", 11.81, 43.31, 0, 270],
		[321, "USB1_8", 228.5, -1144.53, "T", "SMD", "USB+", "", "R", 11.81, 43.31, 0, 270],
		[322, "USB1_9", 228.5, -1164.21, "T", "SMD", "USB1_9", "", "R", 11.81, 43.31, 0, 270],
		[323, "USB1_10", 228.5, -1183.9, "T", "SMD", "$1N15629", "", "R", 11.81, 43.31, 0, 270],
		[324, "USB1_11", 228.5, -1209.49, "T", "SMD", "VUSB", "", "R", 21.65, 43.31, 0, 270],
		[325, "USB1_12", 228.5, -1240.99, "T", "SMD", "GND", "GND", "R", 21.65, 43.31, 0, 270],
		[326, "USB1_13", 206.85, -944.72, "T", "DIP", "GND", "GND", "O", 43.31, 78.74, 59.05, 270],
		[327, "USB1_13", 206.85, -944.72, "B", "DIP", "GND", "GND", "O", 43.31, 78.74, 59.05, 270],
		[328, "USB1_13", 41.49, -944.72, "T", "DIP", "GND", "GND", "O", 47.24, 70.87, 47.24, 270],
		[329, "USB1_13", 41.49, -944.72, "B", "DIP", "GND", "GND", "O", 47.24, 70.87, 47.24, 270],
		[330, "USB1_14", 206.86, -1285.28, "T", "DIP", "GND", "GND", "O", 43.31, 78.74, 59.06, 270],
		[331, "USB1_14", 206.86, -1285.28, "B", "DIP", "GND", "GND", "O", 43.31, 78.74, 59.06, 270],
		[332, "USB1_14", 41.5, -1285.28, "T", "DIP", "GND", "GND", "O", 47.24, 70.87, 47.24, 270],
		[333, "USB1_14", 41.5, -1285.28, "B", "DIP", "GND", "GND", "O", 47.24, 70.87, 47.24, 270],
		[334, "X2_1", 1531.69, -1603.46, "T", "SMD", "$1N568", "", "R", 55.12, 47.24, 0, 0],
		[335, "X2_2", 1618.31, -1603.46, "T", "SMD", "GND", "GND", "R", 55.12, 47.24, 0, 0],
		[336, "X2_3", 1618.31, -1536.54, "T", "SMD", "$1N570", "", "R", 55.12, 47.24, 0, 0],
		[337, "X2_4", 1531.69, -1536.54, "T", "SMD", "GND", "GND", "R", 55.12, 47.24, 0, 0],
		[338, "PAD1_1", 3543.31, -196.85, "T", "DIP", "GND", "GND", "C", 157.48, 157.48, 125.98, 90],
		[339, "PAD1_1", 3543.31, -196.85, "B", "DIP", "GND", "GND", "C", 157.48, 157.48, 125.98, 90],
		[340, "PAD2_1", 3543.31, -2165.35, "T", "DIP", "GND", "GND", "C", 157.48, 157.48, 125.98, 90],
		[341, "PAD2_1", 3543.31, -2165.35, "B", "DIP", "GND", "GND", "C", 157.48, 157.48, 125.98, 90],
		[342, "PAD3_1", 196.85, -2165.35, "T", "DIP", "GND", "GND", "C", 157.48, 157.48, 125.98, 90],
		[343, "PAD3_1", 196.85, -2165.35, "B", "DIP", "GND", "GND", "C", 157.48, 157.48, 125.98, 90],
		[344, "PAD4_1", 196.85, -196.85, "T", "DIP", "GND", "GND", "C", 157.48, 157.48, 125.98, 90],
		[345, "PAD4_1", 196.85, -196.85, "B", "DIP", "GND", "GND", "C", 157.48, 157.48, 125.98, 90]
	]
}
}